Index;QRS_qs;QRS_rorr;QRS_delta
1;58,33333333;83,33333333;25
2;55,55555556;;
3;55,55555556;80,55555556;25
4;58,33333333;83,33333333;25
5;52,77777778;86,11111111;33,33333333
6;52,77777778;86,11111111;33,33333333
7;58,33333333;88,88888889;30,55555556
8;52,77777778;83,33333333;30,55555556
9;50;83,33333333;33,33333333
10;55,55555556;83,33333333;27,77777778
11;52,77777778;83,33333333;30,55555556
12;58,33333333;83,33333333;25
13;61,11111111;88,88888889;27,77777778
14;52,77777778;86,11111111;33,33333333
15;50;80,55555556;30,55555556
16;52,77777778;83,33333333;30,55555556
17;63,88888889;94,44444444;30,55555556
18;52,77777778;83,33333333;30,55555556
19;52,77777778;86,11111111;33,33333333
20;58,33333333;88,88888889;30,55555556
21;55,55555556;86,11111111;30,55555556
22;50;86,11111111;36,11111111
23;61,11111111;97,22222222;36,11111111
24;50;86,11111111;36,11111111
25;52,77777778;83,33333333;30,55555556
26;58,33333333;88,88888889;30,55555556
27;55,55555556;83,33333333;27,77777778
28;52,77777778;86,11111111;33,33333333
29;52,77777778;83,33333333;30,55555556
30;58,33333333;86,11111111;27,77777778
31;52,77777778;83,33333333;30,55555556
32;52,77777778;86,11111111;33,33333333
33;58,33333333;86,11111111;27,77777778
34;58,33333333;88,88888889;30,55555556
35;58,33333333;86,11111111;27,77777778
36;52,77777778;83,33333333;30,55555556
37;50;86,11111111;36,11111111
38;52,77777778;86,11111111;33,33333333
39;50;80,55555556;30,55555556
40;61,11111111;94,44444444;33,33333333
41;52,77777778;83,33333333;30,55555556
42;55,55555556;86,11111111;30,55555556
43;63,88888889;102,7777778;38,88888889
44;50;83,33333333;33,33333333
45;52,77777778;86,11111111;33,33333333
46;58,33333333;83,33333333;25
47;55,55555556;83,33333333;27,77777778
48;58,33333333;83,33333333;25
49;55,55555556;83,33333333;27,77777778
50;52,77777778;88,88888889;36,11111111
51;55,55555556;86,11111111;30,55555556
52;52,77777778;83,33333333;30,55555556
53;58,33333333;94,44444444;36,11111111
54;55,55555556;88,88888889;33,33333333
55;55,55555556;80,55555556;25
56;52,77777778;86,11111111;33,33333333
57;52,77777778;86,11111111;33,33333333
58;61,11111111;91,66666667;30,55555556
59;55,55555556;83,33333333;27,77777778
60;61,11111111;88,88888889;27,77777778
61;55,55555556;86,11111111;30,55555556
62;50;83,33333333;33,33333333
63;52,77777778;88,88888889;36,11111111
64;58,33333333;91,66666667;33,33333333
65;52,77777778;83,33333333;30,55555556
66;52,77777778;83,33333333;30,55555556
67;50;86,11111111;36,11111111
68;55,55555556;83,33333333;27,77777778
69;55,55555556;86,11111111;30,55555556
70;50;83,33333333;33,33333333
71;52,77777778;86,11111111;33,33333333
72;58,33333333;83,33333333;25
73;50;83,33333333;33,33333333
74;52,77777778;;
75;52,77777778;88,88888889;36,11111111
76;52,77777778;86,11111111;33,33333333
77;52,77777778;88,88888889;36,11111111
78;50;83,33333333;33,33333333
79;50;83,33333333;33,33333333
80;58,33333333;88,88888889;30,55555556
81;52,77777778;83,33333333;30,55555556
82;52,77777778;86,11111111;33,33333333
83;61,11111111;91,66666667;30,55555556
84;58,33333333;97,22222222;38,88888889
85;58,33333333;83,33333333;25
86;52,77777778;83,33333333;30,55555556
87;52,77777778;83,33333333;30,55555556
88;52,77777778;86,11111111;33,33333333
89;50;80,55555556;30,55555556
90;61,11111111;;
91;58,33333333;94,44444444;36,11111111
92;58,33333333;83,33333333;25
93;58,33333333;83,33333333;25
94;50;83,33333333;33,33333333
95;61,11111111;88,88888889;27,77777778
96;52,77777778;86,11111111;33,33333333
97;52,77777778;86,11111111;33,33333333
98;55,55555556;83,33333333;27,77777778
99;52,77777778;83,33333333;30,55555556
100;50;;
101;50;80,55555556;30,55555556
102;58,33333333;88,88888889;30,55555556
103;58,33333333;91,66666667;33,33333333
104;55,55555556;88,88888889;33,33333333
105;66,66666667;94,44444444;27,77777778
106;52,77777778;88,88888889;36,11111111
107;58,33333333;86,11111111;27,77777778
108;52,77777778;83,33333333;30,55555556
109;58,33333333;88,88888889;30,55555556
110;52,77777778;86,11111111;33,33333333
111;58,33333333;83,33333333;25
112;52,77777778;86,11111111;33,33333333
113;52,77777778;86,11111111;33,33333333
114;55,55555556;80,55555556;25
115;50;80,55555556;30,55555556
116;50;80,55555556;30,55555556
117;63,88888889;91,66666667;27,77777778
118;52,77777778;86,11111111;33,33333333
119;52,77777778;83,33333333;30,55555556
120;55,55555556;83,33333333;27,77777778
121;52,77777778;83,33333333;30,55555556
122;58,33333333;83,33333333;25
123;55,55555556;80,55555556;25
124;50;80,55555556;30,55555556
125;58,33333333;94,44444444;36,11111111
126;52,77777778;83,33333333;30,55555556
127;55,55555556;88,88888889;33,33333333
128;52,77777778;86,11111111;33,33333333
129;52,77777778;83,33333333;30,55555556
130;52,77777778;86,11111111;33,33333333
131;52,77777778;86,11111111;33,33333333
132;61,11111111;;
133;52,77777778;83,33333333;30,55555556
134;50;86,11111111;36,11111111
135;50;83,33333333;33,33333333
136;58,33333333;83,33333333;25
137;63,88888889;91,66666667;27,77777778
138;55,55555556;88,88888889;33,33333333
139;58,33333333;83,33333333;25
140;52,77777778;83,33333333;30,55555556
141;55,55555556;86,11111111;30,55555556
142;52,77777778;83,33333333;30,55555556
143;58,33333333;86,11111111;27,77777778
144;55,55555556;83,33333333;27,77777778
145;50;83,33333333;33,33333333
146;58,33333333;83,33333333;25
147;55,55555556;86,11111111;30,55555556
148;50;80,55555556;30,55555556
149;52,77777778;86,11111111;33,33333333
150;58,33333333;83,33333333;25
151;52,77777778;80,55555556;27,77777778
152;52,77777778;86,11111111;33,33333333
153;58,33333333;86,11111111;27,77777778
154;66,66666667;100;33,33333333
155;58,33333333;86,11111111;27,77777778
156;52,77777778;83,33333333;30,55555556
157;52,77777778;86,11111111;33,33333333
158;50;;
159;52,77777778;80,55555556;27,77777778
160;58,33333333;86,11111111;27,77777778
161;55,55555556;86,11111111;30,55555556
162;58,33333333;83,33333333;25
163;52,77777778;86,11111111;33,33333333
164;55,55555556;;
165;55,55555556;80,55555556;25
166;52,77777778;83,33333333;30,55555556
167;58,33333333;86,11111111;27,77777778
168;52,77777778;86,11111111;33,33333333
169;52,77777778;83,33333333;30,55555556
170;50;86,11111111;36,11111111
171;50;80,55555556;30,55555556
172;55,55555556;80,55555556;25
173;55,55555556;86,11111111;30,55555556
174;58,33333333;88,88888889;30,55555556
175;58,33333333;86,11111111;27,77777778
176;55,55555556;83,33333333;27,77777778
177;50;86,11111111;36,11111111
178;50;80,55555556;30,55555556
179;52,77777778;80,55555556;27,77777778
180;52,77777778;86,11111111;33,33333333
181;58,33333333;88,88888889;30,55555556
182;55,55555556;86,11111111;30,55555556
183;52,77777778;83,33333333;30,55555556
184;58,33333333;88,88888889;30,55555556
185;58,33333333;88,88888889;30,55555556
186;55,55555556;86,11111111;30,55555556
187;52,77777778;;
188;52,77777778;83,33333333;30,55555556
189;52,77777778;83,33333333;30,55555556
190;55,55555556;80,55555556;25
191;61,11111111;91,66666667;30,55555556
192;52,77777778;83,33333333;30,55555556
193;55,55555556;83,33333333;27,77777778
194;52,77777778;83,33333333;30,55555556
195;58,33333333;88,88888889;30,55555556
196;55,55555556;86,11111111;30,55555556
197;58,33333333;88,88888889;30,55555556
198;55,55555556;86,11111111;30,55555556
199;66,66666667;94,44444444;27,77777778
200;55,55555556;83,33333333;27,77777778
201;52,77777778;83,33333333;30,55555556
202;52,77777778;86,11111111;33,33333333
203;52,77777778;83,33333333;30,55555556
204;55,55555556;91,66666667;36,11111111
205;52,77777778;83,33333333;30,55555556
206;52,77777778;83,33333333;30,55555556
207;52,77777778;83,33333333;30,55555556
208;52,77777778;83,33333333;30,55555556
209;66,66666667;91,66666667;25
210;55,55555556;83,33333333;27,77777778
211;52,77777778;86,11111111;33,33333333
212;55,55555556;80,55555556;25
213;52,77777778;86,11111111;33,33333333
214;63,88888889;91,66666667;27,77777778
215;55,55555556;88,88888889;33,33333333
216;52,77777778;83,33333333;30,55555556
217;52,77777778;80,55555556;27,77777778
218;55,55555556;88,88888889;33,33333333
219;52,77777778;86,11111111;33,33333333
220;58,33333333;83,33333333;25
221;55,55555556;86,11111111;30,55555556
222;50;80,55555556;30,55555556
223;50;86,11111111;36,11111111
224;50;83,33333333;33,33333333
225;52,77777778;83,33333333;30,55555556
226;55,55555556;86,11111111;30,55555556
227;52,77777778;83,33333333;30,55555556
228;52,77777778;83,33333333;30,55555556
229;50;80,55555556;30,55555556
230;50;83,33333333;33,33333333
231;55,55555556;88,88888889;33,33333333
232;50;83,33333333;33,33333333
233;52,77777778;83,33333333;30,55555556
234;55,55555556;83,33333333;27,77777778
235;58,33333333;91,66666667;33,33333333
236;52,77777778;83,33333333;30,55555556
237;52,77777778;80,55555556;27,77777778
238;55,55555556;80,55555556;25
239;50;83,33333333;33,33333333
240;50;83,33333333;33,33333333
241;50;80,55555556;30,55555556
242;61,11111111;94,44444444;33,33333333
243;52,77777778;86,11111111;33,33333333
244;55,55555556;83,33333333;27,77777778
245;50;80,55555556;30,55555556
246;52,77777778;83,33333333;30,55555556
247;61,11111111;88,88888889;27,77777778
248;52,77777778;83,33333333;30,55555556
249;50;86,11111111;36,11111111
250;55,55555556;80,55555556;25
251;55,55555556;83,33333333;27,77777778
252;55,55555556;86,11111111;30,55555556
253;52,77777778;83,33333333;30,55555556
254;52,77777778;86,11111111;33,33333333
255;52,77777778;86,11111111;33,33333333
256;52,77777778;;
257;55,55555556;83,33333333;27,77777778
258;55,55555556;80,55555556;25
259;50;80,55555556;30,55555556
260;55,55555556;86,11111111;30,55555556
261;58,33333333;88,88888889;30,55555556
262;58,33333333;86,11111111;27,77777778
263;58,33333333;83,33333333;25
264;58,33333333;91,66666667;33,33333333
265;50;83,33333333;33,33333333
266;58,33333333;86,11111111;27,77777778
267;52,77777778;83,33333333;30,55555556
268;52,77777778;83,33333333;30,55555556
269;58,33333333;83,33333333;25
270;58,33333333;88,88888889;30,55555556
271;55,55555556;;
272;55,55555556;88,88888889;33,33333333
273;52,77777778;86,11111111;33,33333333
274;52,77777778;83,33333333;30,55555556
275;52,77777778;83,33333333;30,55555556
276;55,55555556;86,11111111;30,55555556
277;52,77777778;86,11111111;33,33333333
278;52,77777778;86,11111111;33,33333333
279;58,33333333;86,11111111;27,77777778
280;50;83,33333333;33,33333333
281;52,77777778;86,11111111;33,33333333
282;52,77777778;86,11111111;33,33333333
283;52,77777778;83,33333333;30,55555556
284;58,33333333;86,11111111;27,77777778
285;52,77777778;88,88888889;36,11111111
286;61,11111111;91,66666667;30,55555556
287;50;83,33333333;33,33333333
288;52,77777778;83,33333333;30,55555556
289;52,77777778;83,33333333;30,55555556
290;52,77777778;86,11111111;33,33333333
291;50;86,11111111;36,11111111
292;55,55555556;88,88888889;33,33333333
293;52,77777778;88,88888889;36,11111111
294;52,77777778;83,33333333;30,55555556
295;58,33333333;86,11111111;27,77777778
296;50;83,33333333;33,33333333
297;52,77777778;88,88888889;36,11111111
298;52,77777778;86,11111111;33,33333333
299;52,77777778;86,11111111;33,33333333
300;50;86,11111111;36,11111111
301;58,33333333;83,33333333;25
302;61,11111111;94,44444444;33,33333333
303;50;83,33333333;33,33333333
304;58,33333333;86,11111111;27,77777778
305;55,55555556;86,11111111;30,55555556
306;52,77777778;83,33333333;30,55555556
307;50;80,55555556;30,55555556
308;58,33333333;83,33333333;25
309;55,55555556;83,33333333;27,77777778
310;63,88888889;94,44444444;30,55555556
311;52,77777778;88,88888889;36,11111111
312;58,33333333;88,88888889;30,55555556
313;50;80,55555556;30,55555556
314;50;83,33333333;33,33333333
315;52,77777778;83,33333333;30,55555556
316;61,11111111;88,88888889;27,77777778
317;113,8888889;138,8888889;25
318;52,77777778;83,33333333;30,55555556
319;52,77777778;88,88888889;36,11111111
320;52,77777778;83,33333333;30,55555556
321;52,77777778;83,33333333;30,55555556
322;58,33333333;86,11111111;27,77777778
323;61,11111111;91,66666667;30,55555556
324;52,77777778;83,33333333;30,55555556
325;52,77777778;83,33333333;30,55555556
326;58,33333333;86,11111111;27,77777778
327;50;83,33333333;33,33333333
328;50;83,33333333;33,33333333
329;58,33333333;83,33333333;25
330;52,77777778;86,11111111;33,33333333
331;55,55555556;94,44444444;38,88888889
332;52,77777778;83,33333333;30,55555556
333;55,55555556;91,66666667;36,11111111
334;52,77777778;86,11111111;33,33333333
335;52,77777778;83,33333333;30,55555556
336;58,33333333;83,33333333;25
337;58,33333333;86,11111111;27,77777778
338;58,33333333;88,88888889;30,55555556
339;61,11111111;91,66666667;30,55555556
340;66,66666667;97,22222222;30,55555556
341;63,88888889;94,44444444;30,55555556
342;55,55555556;86,11111111;30,55555556
343;52,77777778;83,33333333;30,55555556
344;50;83,33333333;33,33333333
345;55,55555556;83,33333333;27,77777778
346;52,77777778;83,33333333;30,55555556
347;55,55555556;88,88888889;33,33333333
348;50;88,88888889;38,88888889
349;58,33333333;83,33333333;25
350;52,77777778;83,33333333;30,55555556
351;58,33333333;83,33333333;25
352;52,77777778;83,33333333;30,55555556
353;52,77777778;83,33333333;30,55555556
354;58,33333333;86,11111111;27,77777778
355;55,55555556;86,11111111;30,55555556
356;52,77777778;;
357;58,33333333;83,33333333;25
358;52,77777778;86,11111111;33,33333333
359;50;86,11111111;36,11111111
360;61,11111111;91,66666667;30,55555556
361;52,77777778;86,11111111;33,33333333
362;61,11111111;91,66666667;30,55555556
363;52,77777778;86,11111111;33,33333333
364;52,77777778;88,88888889;36,11111111
365;52,77777778;83,33333333;30,55555556
366;52,77777778;83,33333333;30,55555556
367;52,77777778;83,33333333;30,55555556
368;52,77777778;83,33333333;30,55555556
369;52,77777778;86,11111111;33,33333333
370;52,77777778;86,11111111;33,33333333
371;50;86,11111111;36,11111111
372;50;86,11111111;36,11111111
373;50;83,33333333;33,33333333
374;55,55555556;86,11111111;30,55555556
375;58,33333333;86,11111111;27,77777778
376;55,55555556;88,88888889;33,33333333
377;55,55555556;88,88888889;33,33333333
378;50;80,55555556;30,55555556
379;52,77777778;86,11111111;33,33333333
380;52,77777778;86,11111111;33,33333333
381;55,55555556;88,88888889;33,33333333
382;52,77777778;86,11111111;33,33333333
383;52,77777778;83,33333333;30,55555556
384;52,77777778;86,11111111;33,33333333
385;52,77777778;83,33333333;30,55555556
386;52,77777778;83,33333333;30,55555556
387;55,55555556;97,22222222;41,66666667
388;55,55555556;86,11111111;30,55555556
389;52,77777778;80,55555556;27,77777778
390;52,77777778;83,33333333;30,55555556
391;58,33333333;88,88888889;30,55555556
392;50;80,55555556;30,55555556
393;52,77777778;83,33333333;30,55555556
394;52,77777778;83,33333333;30,55555556
395;50;83,33333333;33,33333333
396;55,55555556;;
397;58,33333333;94,44444444;36,11111111
398;125;244,4444444;119,4444444
399;58,33333333;83,33333333;25
400;52,77777778;86,11111111;33,33333333
401;52,77777778;83,33333333;30,55555556
402;69,44444444;100;30,55555556
403;58,33333333;83,33333333;25
404;52,77777778;83,33333333;30,55555556
405;55,55555556;88,88888889;33,33333333
406;52,77777778;83,33333333;30,55555556
407;52,77777778;80,55555556;27,77777778
408;61,11111111;94,44444444;33,33333333
409;52,77777778;86,11111111;33,33333333
410;55,55555556;86,11111111;30,55555556
411;50;83,33333333;33,33333333
412;147,2222222;100;47,22222222
413;52,77777778;86,11111111;33,33333333
414;50;86,11111111;36,11111111
415;50;83,33333333;33,33333333
416;55,55555556;;
417;52,77777778;80,55555556;27,77777778
418;52,77777778;83,33333333;30,55555556
419;58,33333333;86,11111111;27,77777778
420;52,77777778;;
421;52,77777778;83,33333333;30,55555556
422;50;83,33333333;33,33333333
423;52,77777778;80,55555556;27,77777778
424;52,77777778;86,11111111;33,33333333
425;50;86,11111111;36,11111111
426;52,77777778;;
427;52,77777778;83,33333333;30,55555556
428;58,33333333;88,88888889;30,55555556
429;52,77777778;80,55555556;27,77777778
430;55,55555556;86,11111111;30,55555556
431;52,77777778;86,11111111;33,33333333
432;61,11111111;91,66666667;30,55555556
433;52,77777778;83,33333333;30,55555556
434;55,55555556;86,11111111;30,55555556
435;55,55555556;86,11111111;30,55555556
436;61,11111111;88,88888889;27,77777778
437;52,77777778;86,11111111;33,33333333
438;55,55555556;86,11111111;30,55555556
439;52,77777778;80,55555556;27,77777778
440;52,77777778;86,11111111;33,33333333
441;50;88,88888889;38,88888889
442;50;83,33333333;33,33333333
443;52,77777778;83,33333333;30,55555556
444;50;80,55555556;30,55555556
445;55,55555556;80,55555556;25
446;50;86,11111111;36,11111111
447;52,77777778;83,33333333;30,55555556
448;52,77777778;94,44444444;41,66666667
449;50;86,11111111;36,11111111
450;58,33333333;86,11111111;27,77777778
451;52,77777778;86,11111111;33,33333333
452;50;83,33333333;33,33333333
453;58,33333333;86,11111111;27,77777778
454;63,88888889;97,22222222;33,33333333
455;52,77777778;88,88888889;36,11111111
456;50;;
457;61,11111111;94,44444444;33,33333333
458;50;86,11111111;36,11111111
459;50;83,33333333;33,33333333
460;50;83,33333333;33,33333333
461;58,33333333;94,44444444;36,11111111
462;55,55555556;83,33333333;27,77777778
463;52,77777778;86,11111111;33,33333333
464;52,77777778;83,33333333;30,55555556
465;55,55555556;80,55555556;25
466;61,11111111;91,66666667;30,55555556
467;50;83,33333333;33,33333333
468;52,77777778;83,33333333;30,55555556
469;52,77777778;83,33333333;30,55555556
470;52,77777778;83,33333333;30,55555556
471;55,55555556;86,11111111;30,55555556
472;52,77777778;83,33333333;30,55555556
473;52,77777778;86,11111111;33,33333333
474;52,77777778;91,66666667;38,88888889
475;52,77777778;86,11111111;33,33333333
476;52,77777778;83,33333333;30,55555556
477;50;83,33333333;33,33333333
478;55,55555556;91,66666667;36,11111111
479;52,77777778;88,88888889;36,11111111
480;50;83,33333333;33,33333333
481;58,33333333;80,55555556;22,22222222
482;52,77777778;80,55555556;27,77777778
483;50;86,11111111;36,11111111
484;50;86,11111111;36,11111111
485;58,33333333;;
486;55,55555556;83,33333333;27,77777778
487;52,77777778;83,33333333;30,55555556
488;63,88888889;97,22222222;33,33333333
489;55,55555556;97,22222222;41,66666667
490;50;80,55555556;30,55555556
491;52,77777778;;
492;52,77777778;88,88888889;36,11111111
493;55,55555556;83,33333333;27,77777778
494;52,77777778;86,11111111;33,33333333
495;52,77777778;83,33333333;30,55555556
496;55,55555556;86,11111111;30,55555556
497;52,77777778;83,33333333;30,55555556
498;58,33333333;86,11111111;27,77777778
499;50;83,33333333;33,33333333
500;52,77777778;88,88888889;36,11111111
501;61,11111111;97,22222222;36,11111111
502;50;83,33333333;33,33333333
503;55,55555556;80,55555556;25
504;52,77777778;;
505;52,77777778;;
506;52,77777778;77,77777778;25
507;50;86,11111111;36,11111111
508;58,33333333;88,88888889;30,55555556
509;52,77777778;83,33333333;30,55555556
510;55,55555556;;
511;52,77777778;86,11111111;33,33333333
512;52,77777778;83,33333333;30,55555556
513;55,55555556;86,11111111;30,55555556
514;52,77777778;83,33333333;30,55555556
515;52,77777778;86,11111111;33,33333333
516;50;83,33333333;33,33333333
517;61,11111111;94,44444444;33,33333333
518;52,77777778;86,11111111;33,33333333
519;52,77777778;83,33333333;30,55555556
520;50;83,33333333;33,33333333
521;55,55555556;80,55555556;25
522;55,55555556;80,55555556;25
523;52,77777778;80,55555556;27,77777778
524;55,55555556;;
525;55,55555556;88,88888889;33,33333333
526;61,11111111;94,44444444;33,33333333
527;50;;
528;50;83,33333333;33,33333333
529;63,88888889;94,44444444;30,55555556
530;50;88,88888889;38,88888889
531;55,55555556;88,88888889;33,33333333
532;52,77777778;86,11111111;33,33333333
533;63,88888889;91,66666667;27,77777778
534;50;83,33333333;33,33333333
535;52,77777778;83,33333333;30,55555556
536;58,33333333;91,66666667;33,33333333
537;52,77777778;86,11111111;33,33333333
538;58,33333333;86,11111111;27,77777778
539;58,33333333;91,66666667;33,33333333
540;55,55555556;91,66666667;36,11111111
541;55,55555556;80,55555556;25
542;52,77777778;83,33333333;30,55555556
543;52,77777778;83,33333333;30,55555556
544;52,77777778;83,33333333;30,55555556
545;58,33333333;83,33333333;25
546;58,33333333;83,33333333;25
547;52,77777778;83,33333333;30,55555556
548;52,77777778;83,33333333;30,55555556
549;55,55555556;83,33333333;27,77777778
550;61,11111111;97,22222222;36,11111111
551;58,33333333;88,88888889;30,55555556
552;52,77777778;88,88888889;36,11111111
553;55,55555556;80,55555556;25
554;58,33333333;91,66666667;33,33333333
555;61,11111111;91,66666667;30,55555556
556;50;83,33333333;33,33333333
557;55,55555556;88,88888889;33,33333333
558;52,77777778;86,11111111;33,33333333
559;52,77777778;86,11111111;33,33333333
560;52,77777778;;
561;55,55555556;86,11111111;30,55555556
562;58,33333333;83,33333333;25
563;50;83,33333333;33,33333333
564;55,55555556;;
565;52,77777778;86,11111111;33,33333333
566;55,55555556;;
567;58,33333333;80,55555556;22,22222222
568;50;83,33333333;33,33333333
569;63,88888889;88,88888889;25
570;52,77777778;86,11111111;33,33333333
571;61,11111111;88,88888889;27,77777778
572;52,77777778;86,11111111;33,33333333
573;55,55555556;80,55555556;25
574;61,11111111;94,44444444;33,33333333
575;61,11111111;97,22222222;36,11111111
576;52,77777778;88,88888889;36,11111111
577;50;83,33333333;33,33333333
578;50;80,55555556;30,55555556
579;50;83,33333333;33,33333333
580;52,77777778;86,11111111;33,33333333
581;55,55555556;88,88888889;33,33333333
582;50;86,11111111;36,11111111
583;52,77777778;83,33333333;30,55555556
584;50;86,11111111;36,11111111
585;55,55555556;94,44444444;38,88888889
586;55,55555556;80,55555556;25
587;69,44444444;94,44444444;25
588;52,77777778;86,11111111;33,33333333
589;58,33333333;86,11111111;27,77777778
590;52,77777778;88,88888889;36,11111111
591;55,55555556;88,88888889;33,33333333
592;55,55555556;83,33333333;27,77777778
593;52,77777778;83,33333333;30,55555556
594;50;86,11111111;36,11111111
595;52,77777778;88,88888889;36,11111111
596;52,77777778;86,11111111;33,33333333
597;50;83,33333333;33,33333333
598;50;83,33333333;33,33333333
599;50;80,55555556;30,55555556
600;58,33333333;91,66666667;33,33333333
601;55,55555556;91,66666667;36,11111111
602;52,77777778;86,11111111;33,33333333
603;52,77777778;88,88888889;36,11111111
604;55,55555556;86,11111111;30,55555556
605;50;83,33333333;33,33333333
606;52,77777778;83,33333333;30,55555556
607;55,55555556;80,55555556;25
608;55,55555556;83,33333333;27,77777778
609;52,77777778;86,11111111;33,33333333
610;50;86,11111111;36,11111111
611;58,33333333;86,11111111;27,77777778
612;58,33333333;88,88888889;30,55555556
613;52,77777778;86,11111111;33,33333333
614;61,11111111;88,88888889;27,77777778
615;50;80,55555556;30,55555556
616;58,33333333;83,33333333;25
617;55,55555556;86,11111111;30,55555556
618;52,77777778;83,33333333;30,55555556
619;61,11111111;94,44444444;33,33333333
620;58,33333333;88,88888889;30,55555556
621;52,77777778;83,33333333;30,55555556
622;50;;
623;55,55555556;86,11111111;30,55555556
624;52,77777778;86,11111111;33,33333333
625;55,55555556;83,33333333;27,77777778
626;52,77777778;83,33333333;30,55555556
627;52,77777778;83,33333333;30,55555556
628;55,55555556;80,55555556;25
629;58,33333333;83,33333333;25
630;69,44444444;97,22222222;27,77777778
631;61,11111111;91,66666667;30,55555556
632;66,66666667;94,44444444;27,77777778
633;55,55555556;91,66666667;36,11111111
634;55,55555556;83,33333333;27,77777778
635;52,77777778;86,11111111;33,33333333
636;52,77777778;83,33333333;30,55555556
637;55,55555556;80,55555556;25
638;55,55555556;83,33333333;27,77777778
639;63,88888889;94,44444444;30,55555556
640;52,77777778;86,11111111;33,33333333
641;58,33333333;86,11111111;27,77777778
642;52,77777778;83,33333333;30,55555556
643;52,77777778;86,11111111;33,33333333
644;50;83,33333333;33,33333333
645;52,77777778;83,33333333;30,55555556
646;61,11111111;;
647;52,77777778;83,33333333;30,55555556
648;58,33333333;83,33333333;25
649;58,33333333;83,33333333;25
650;52,77777778;83,33333333;30,55555556
651;52,77777778;88,88888889;36,11111111
652;50;83,33333333;33,33333333
653;58,33333333;83,33333333;25
654;58,33333333;91,66666667;33,33333333
655;50;86,11111111;36,11111111
656;52,77777778;86,11111111;33,33333333
657;61,11111111;94,44444444;33,33333333
658;50;83,33333333;33,33333333
659;50;83,33333333;33,33333333
660;50;83,33333333;33,33333333
661;52,77777778;83,33333333;30,55555556
662;52,77777778;86,11111111;33,33333333
663;52,77777778;83,33333333;30,55555556
664;52,77777778;86,11111111;33,33333333
665;55,55555556;88,88888889;33,33333333
666;47,22222222;83,33333333;36,11111111
667;50;;
668;52,77777778;86,11111111;33,33333333
669;58,33333333;86,11111111;27,77777778
670;50;80,55555556;30,55555556
671;50;83,33333333;33,33333333
672;50;86,11111111;36,11111111
673;52,77777778;86,11111111;33,33333333
674;58,33333333;86,11111111;27,77777778
675;58,33333333;83,33333333;25
676;55,55555556;83,33333333;27,77777778
677;52,77777778;86,11111111;33,33333333
678;52,77777778;86,11111111;33,33333333
679;50;80,55555556;30,55555556
680;52,77777778;83,33333333;30,55555556
681;58,33333333;88,88888889;30,55555556
682;58,33333333;86,11111111;27,77777778
683;58,33333333;86,11111111;27,77777778
684;52,77777778;86,11111111;33,33333333
685;55,55555556;83,33333333;27,77777778
686;50;;
687;52,77777778;86,11111111;33,33333333
688;55,55555556;80,55555556;25
689;52,77777778;86,11111111;33,33333333
690;69,44444444;94,44444444;25
691;58,33333333;91,66666667;33,33333333
692;50;83,33333333;33,33333333
693;52,77777778;83,33333333;30,55555556
694;69,44444444;91,66666667;22,22222222
695;52,77777778;86,11111111;33,33333333
696;58,33333333;88,88888889;30,55555556
697;55,55555556;83,33333333;27,77777778
698;58,33333333;88,88888889;30,55555556
699;52,77777778;83,33333333;30,55555556
700;50;83,33333333;33,33333333
701;55,55555556;80,55555556;25
702;52,77777778;80,55555556;27,77777778
703;50;86,11111111;36,11111111
704;55,55555556;86,11111111;30,55555556
705;52,77777778;86,11111111;33,33333333
706;58,33333333;86,11111111;27,77777778
707;52,77777778;86,11111111;33,33333333
708;55,55555556;80,55555556;25
709;52,77777778;80,55555556;27,77777778
710;55,55555556;80,55555556;25
711;61,11111111;94,44444444;33,33333333
712;52,77777778;88,88888889;36,11111111
713;55,55555556;83,33333333;27,77777778
714;55,55555556;80,55555556;25
715;50;86,11111111;36,11111111
716;58,33333333;86,11111111;27,77777778
717;52,77777778;83,33333333;30,55555556
718;52,77777778;86,11111111;33,33333333
719;66,66666667;91,66666667;25
720;58,33333333;86,11111111;27,77777778
721;63,88888889;94,44444444;30,55555556
722;58,33333333;91,66666667;33,33333333
723;50;83,33333333;33,33333333
724;52,77777778;83,33333333;30,55555556
725;52,77777778;83,33333333;30,55555556
726;55,55555556;91,66666667;36,11111111
727;55,55555556;88,88888889;33,33333333
728;55,55555556;83,33333333;27,77777778
729;50;;
730;52,77777778;83,33333333;30,55555556
731;52,77777778;83,33333333;30,55555556
732;50;83,33333333;33,33333333
733;50;86,11111111;36,11111111
734;52,77777778;86,11111111;33,33333333
735;52,77777778;86,11111111;33,33333333
736;52,77777778;83,33333333;30,55555556
737;50;83,33333333;33,33333333
738;55,55555556;86,11111111;30,55555556
739;52,77777778;;
740;52,77777778;83,33333333;30,55555556
741;50;;
742;52,77777778;83,33333333;30,55555556
743;55,55555556;83,33333333;27,77777778
744;55,55555556;80,55555556;25
745;52,77777778;83,33333333;30,55555556
746;50;83,33333333;33,33333333
747;58,33333333;83,33333333;25
748;52,77777778;83,33333333;30,55555556
749;58,33333333;88,88888889;30,55555556
750;52,77777778;83,33333333;30,55555556
751;52,77777778;86,11111111;33,33333333
752;55,55555556;86,11111111;30,55555556
753;61,11111111;100;38,88888889
754;52,77777778;88,88888889;36,11111111
755;55,55555556;83,33333333;27,77777778
756;52,77777778;83,33333333;30,55555556
757;52,77777778;83,33333333;30,55555556
758;58,33333333;88,88888889;30,55555556
759;50;;
760;55,55555556;88,88888889;33,33333333
761;52,77777778;86,11111111;33,33333333
762;55,55555556;86,11111111;30,55555556
763;61,11111111;91,66666667;30,55555556
764;63,88888889;94,44444444;30,55555556
765;50;86,11111111;36,11111111
766;66,66666667;91,66666667;25
767;50;83,33333333;33,33333333
768;50;80,55555556;30,55555556
769;55,55555556;;
770;55,55555556;83,33333333;27,77777778
771;52,77777778;83,33333333;30,55555556
772;50;86,11111111;36,11111111
773;52,77777778;80,55555556;27,77777778
774;52,77777778;83,33333333;30,55555556
775;52,77777778;83,33333333;30,55555556
776;52,77777778;86,11111111;33,33333333
777;55,55555556;83,33333333;27,77777778
778;50;83,33333333;33,33333333
779;55,55555556;86,11111111;30,55555556
780;50;83,33333333;33,33333333
781;50;83,33333333;33,33333333
782;61,11111111;88,88888889;27,77777778
783;55,55555556;83,33333333;27,77777778
784;58,33333333;86,11111111;27,77777778
785;52,77777778;86,11111111;33,33333333
786;52,77777778;83,33333333;30,55555556
787;52,77777778;;
788;55,55555556;83,33333333;27,77777778
789;55,55555556;94,44444444;38,88888889
790;52,77777778;88,88888889;36,11111111
791;50;86,11111111;36,11111111
792;55,55555556;86,11111111;30,55555556
793;55,55555556;83,33333333;27,77777778
794;58,33333333;83,33333333;25
795;52,77777778;83,33333333;30,55555556
796;63,88888889;91,66666667;27,77777778
797;50;86,11111111;36,11111111
798;52,77777778;83,33333333;30,55555556
799;50;86,11111111;36,11111111
800;52,77777778;;
801;61,11111111;;
802;58,33333333;83,33333333;25
803;50;80,55555556;30,55555556
804;50;83,33333333;33,33333333
805;61,11111111;94,44444444;33,33333333
806;50;86,11111111;36,11111111
807;50;86,11111111;36,11111111
808;63,88888889;97,22222222;33,33333333
809;52,77777778;83,33333333;30,55555556
810;55,55555556;83,33333333;27,77777778
811;52,77777778;86,11111111;33,33333333
812;52,77777778;83,33333333;30,55555556
813;52,77777778;86,11111111;33,33333333
814;58,33333333;83,33333333;25
815;52,77777778;88,88888889;36,11111111
816;61,11111111;91,66666667;30,55555556
817;61,11111111;88,88888889;27,77777778
818;52,77777778;86,11111111;33,33333333
819;58,33333333;88,88888889;30,55555556
820;55,55555556;;
821;55,55555556;83,33333333;27,77777778
822;52,77777778;86,11111111;33,33333333
823;69,44444444;97,22222222;27,77777778
824;52,77777778;83,33333333;30,55555556
825;50;83,33333333;33,33333333
826;52,77777778;83,33333333;30,55555556
827;52,77777778;83,33333333;30,55555556
828;55,55555556;88,88888889;33,33333333
829;52,77777778;83,33333333;30,55555556
830;61,11111111;;
831;52,77777778;83,33333333;30,55555556
832;52,77777778;83,33333333;30,55555556
833;52,77777778;83,33333333;30,55555556
834;50;;
835;50;83,33333333;33,33333333
836;50;83,33333333;33,33333333
837;52,77777778;86,11111111;33,33333333
838;55,55555556;83,33333333;27,77777778
839;52,77777778;88,88888889;36,11111111
840;55,55555556;88,88888889;33,33333333
841;52,77777778;86,11111111;33,33333333
842;52,77777778;86,11111111;33,33333333
843;50;80,55555556;30,55555556
844;50;;
845;61,11111111;91,66666667;30,55555556
846;58,33333333;88,88888889;30,55555556
847;52,77777778;86,11111111;33,33333333
848;55,55555556;86,11111111;30,55555556
849;50;83,33333333;33,33333333
850;55,55555556;80,55555556;25
851;58,33333333;88,88888889;30,55555556
852;52,77777778;88,88888889;36,11111111
853;52,77777778;86,11111111;33,33333333
854;61,11111111;94,44444444;33,33333333
855;58,33333333;86,11111111;27,77777778
856;52,77777778;86,11111111;33,33333333
857;50;83,33333333;33,33333333
858;55,55555556;;
859;58,33333333;94,44444444;36,11111111
860;52,77777778;83,33333333;30,55555556
861;55,55555556;86,11111111;30,55555556
862;58,33333333;83,33333333;25
863;55,55555556;88,88888889;33,33333333
864;52,77777778;91,66666667;38,88888889
865;55,55555556;83,33333333;27,77777778
866;52,77777778;83,33333333;30,55555556
867;55,55555556;88,88888889;33,33333333
868;50;86,11111111;36,11111111
869;61,11111111;94,44444444;33,33333333
870;58,33333333;86,11111111;27,77777778
871;50;83,33333333;33,33333333
872;52,77777778;83,33333333;30,55555556
873;52,77777778;83,33333333;30,55555556
874;52,77777778;86,11111111;33,33333333
875;61,11111111;88,88888889;27,77777778
876;55,55555556;88,88888889;33,33333333
877;52,77777778;83,33333333;30,55555556
878;58,33333333;88,88888889;30,55555556
879;52,77777778;83,33333333;30,55555556
880;52,77777778;83,33333333;30,55555556
881;55,55555556;83,33333333;27,77777778
882;55,55555556;83,33333333;27,77777778
883;52,77777778;;
884;50;83,33333333;33,33333333
885;50;83,33333333;33,33333333
886;58,33333333;94,44444444;36,11111111
887;58,33333333;83,33333333;25
888;52,77777778;83,33333333;30,55555556
889;52,77777778;86,11111111;33,33333333
890;55,55555556;83,33333333;27,77777778
891;52,77777778;83,33333333;30,55555556
892;61,11111111;91,66666667;30,55555556
893;58,33333333;83,33333333;25
894;61,11111111;88,88888889;27,77777778
895;52,77777778;83,33333333;30,55555556
896;58,33333333;86,11111111;27,77777778
897;55,55555556;83,33333333;27,77777778
898;52,77777778;;
899;58,33333333;86,11111111;27,77777778
900;58,33333333;;
901;52,77777778;86,11111111;33,33333333
902;52,77777778;83,33333333;30,55555556
903;61,11111111;86,11111111;25
904;55,55555556;88,88888889;33,33333333
905;58,33333333;86,11111111;27,77777778
906;58,33333333;83,33333333;25
907;58,33333333;;
908;50;83,33333333;33,33333333
909;52,77777778;83,33333333;30,55555556
910;58,33333333;83,33333333;25
911;63,88888889;100;36,11111111
912;52,77777778;83,33333333;30,55555556
913;55,55555556;88,88888889;33,33333333
914;52,77777778;88,88888889;36,11111111
915;52,77777778;;
916;52,77777778;80,55555556;27,77777778
917;55,55555556;83,33333333;27,77777778
918;50;83,33333333;33,33333333
919;63,88888889;97,22222222;33,33333333
920;66,66666667;97,22222222;30,55555556
921;52,77777778;83,33333333;30,55555556
922;58,33333333;83,33333333;25
923;52,77777778;86,11111111;33,33333333
924;52,77777778;83,33333333;30,55555556
925;52,77777778;83,33333333;30,55555556
926;61,11111111;;
927;58,33333333;86,11111111;27,77777778
928;55,55555556;83,33333333;27,77777778
929;69,44444444;94,44444444;25
930;63,88888889;;
931;52,77777778;83,33333333;30,55555556
932;52,77777778;83,33333333;30,55555556
933;58,33333333;;
934;58,33333333;91,66666667;33,33333333
935;52,77777778;83,33333333;30,55555556
936;52,77777778;86,11111111;33,33333333
937;58,33333333;86,11111111;27,77777778
938;58,33333333;83,33333333;25
939;52,77777778;83,33333333;30,55555556
940;50;83,33333333;33,33333333
941;52,77777778;;
942;69,44444444;94,44444444;25
943;69,44444444;100;30,55555556
944;58,33333333;88,88888889;30,55555556
945;52,77777778;;
946;52,77777778;86,11111111;33,33333333
947;58,33333333;83,33333333;25
948;50;83,33333333;33,33333333
949;55,55555556;83,33333333;27,77777778
950;55,55555556;83,33333333;27,77777778
951;58,33333333;88,88888889;30,55555556
952;58,33333333;86,11111111;27,77777778
953;52,77777778;;
954;52,77777778;83,33333333;30,55555556
955;58,33333333;88,88888889;30,55555556
956;61,11111111;88,88888889;27,77777778
957;52,77777778;86,11111111;33,33333333
958;52,77777778;86,11111111;33,33333333
959;52,77777778;86,11111111;33,33333333
960;55,55555556;86,11111111;30,55555556
961;55,55555556;83,33333333;27,77777778
962;52,77777778;83,33333333;30,55555556
963;52,77777778;83,33333333;30,55555556
964;63,88888889;88,88888889;25
965;58,33333333;83,33333333;25
966;52,77777778;86,11111111;33,33333333
967;52,77777778;86,11111111;33,33333333
968;55,55555556;;
969;52,77777778;;
970;50;83,33333333;33,33333333
971;55,55555556;;
972;52,77777778;83,33333333;30,55555556
973;55,55555556;83,33333333;27,77777778
974;55,55555556;88,88888889;33,33333333
975;55,55555556;;
976;52,77777778;80,55555556;27,77777778
977;58,33333333;;
978;52,77777778;83,33333333;30,55555556
979;52,77777778;;
980;63,88888889;91,66666667;27,77777778
981;58,33333333;86,11111111;27,77777778
982;52,77777778;86,11111111;33,33333333
983;58,33333333;91,66666667;33,33333333
984;52,77777778;83,33333333;30,55555556
985;58,33333333;86,11111111;27,77777778
986;52,77777778;86,11111111;33,33333333
987;55,55555556;97,22222222;41,66666667
988;66,66666667;94,44444444;27,77777778
989;58,33333333;86,11111111;27,77777778
990;55,55555556;;
991;58,33333333;86,11111111;27,77777778
992;55,55555556;;
993;55,55555556;88,88888889;33,33333333
994;55,55555556;83,33333333;27,77777778
995;52,77777778;86,11111111;33,33333333
996;55,55555556;86,11111111;30,55555556
997;69,44444444;102,7777778;33,33333333
998;52,77777778;83,33333333;30,55555556
999;50;86,11111111;36,11111111
1000;50;83,33333333;33,33333333
1001;58,33333333;;
1002;52,77777778;;
1003;52,77777778;86,11111111;33,33333333
1004;55,55555556;83,33333333;27,77777778
1005;55,55555556;91,66666667;36,11111111
1006;61,11111111;91,66666667;30,55555556
1007;50;80,55555556;30,55555556
1008;52,77777778;;
1009;50;83,33333333;33,33333333
1010;58,33333333;;
1011;58,33333333;;
1012;61,11111111;91,66666667;30,55555556
1013;58,33333333;80,55555556;22,22222222
1014;50;83,33333333;33,33333333
1015;52,77777778;80,55555556;27,77777778
1016;52,77777778;86,11111111;33,33333333
1017;66,66666667;94,44444444;27,77777778
1018;72,22222222;100;27,77777778
1019;52,77777778;;
1020;55,55555556;86,11111111;30,55555556
1021;55,55555556;88,88888889;33,33333333
1022;52,77777778;86,11111111;33,33333333
1023;52,77777778;;
1024;52,77777778;80,55555556;27,77777778
1025;52,77777778;86,11111111;33,33333333
1026;52,77777778;86,11111111;33,33333333
1027;58,33333333;86,11111111;27,77777778
1028;55,55555556;83,33333333;27,77777778
1029;55,55555556;83,33333333;27,77777778
1030;52,77777778;83,33333333;30,55555556
1031;255,5555556;97,22222222;158,3333333
1032;52,77777778;83,33333333;30,55555556
1033;52,77777778;86,11111111;33,33333333
1034;52,77777778;88,88888889;36,11111111
1035;52,77777778;83,33333333;30,55555556
1036;50;;
1037;52,77777778;83,33333333;30,55555556
1038;55,55555556;;
1039;58,33333333;83,33333333;25
1040;58,33333333;;
1041;58,33333333;94,44444444;36,11111111
1042;52,77777778;83,33333333;30,55555556
1043;52,77777778;86,11111111;33,33333333
1044;52,77777778;80,55555556;27,77777778
1045;52,77777778;83,33333333;30,55555556
1046;52,77777778;86,11111111;33,33333333
1047;55,55555556;;
1048;55,55555556;83,33333333;27,77777778
1049;58,33333333;86,11111111;27,77777778
1050;52,77777778;83,33333333;30,55555556
1051;50;83,33333333;33,33333333
1052;63,88888889;91,66666667;27,77777778
1053;50;;
1054;61,11111111;88,88888889;27,77777778
1055;52,77777778;88,88888889;36,11111111
1056;66,66666667;91,66666667;25
1057;55,55555556;88,88888889;33,33333333
1058;52,77777778;86,11111111;33,33333333
1059;52,77777778;83,33333333;30,55555556
1060;58,33333333;86,11111111;27,77777778
1061;58,33333333;83,33333333;25
1062;58,33333333;86,11111111;27,77777778
1063;63,88888889;100;36,11111111
1064;50;86,11111111;36,11111111
1065;58,33333333;80,55555556;22,22222222
1066;52,77777778;86,11111111;33,33333333
1067;55,55555556;88,88888889;33,33333333
1068;63,88888889;94,44444444;30,55555556
1069;52,77777778;83,33333333;30,55555556
1070;52,77777778;86,11111111;33,33333333
1071;52,77777778;86,11111111;33,33333333
1072;58,33333333;91,66666667;33,33333333
1073;55,55555556;86,11111111;30,55555556
1074;55,55555556;83,33333333;27,77777778
1075;50;;
1076;52,77777778;86,11111111;33,33333333
1077;52,77777778;86,11111111;33,33333333
1078;55,55555556;83,33333333;27,77777778
1079;55,55555556;86,11111111;30,55555556
1080;55,55555556;83,33333333;27,77777778
1081;55,55555556;91,66666667;36,11111111
1082;55,55555556;88,88888889;33,33333333
1083;58,33333333;88,88888889;30,55555556
1084;52,77777778;86,11111111;33,33333333
1085;52,77777778;;
1086;55,55555556;83,33333333;27,77777778
1087;55,55555556;83,33333333;27,77777778
1088;52,77777778;80,55555556;27,77777778
1089;50;;
1090;55,55555556;83,33333333;27,77777778
1091;55,55555556;83,33333333;27,77777778
1092;55,55555556;83,33333333;27,77777778
1093;55,55555556;83,33333333;27,77777778
1094;55,55555556;83,33333333;27,77777778
1095;52,77777778;80,55555556;27,77777778
1096;52,77777778;80,55555556;27,77777778
1097;50;83,33333333;33,33333333
1098;55,55555556;86,11111111;30,55555556
1099;55,55555556;83,33333333;27,77777778
1100;66,66666667;94,44444444;27,77777778
1101;55,55555556;83,33333333;27,77777778
1102;61,11111111;91,66666667;30,55555556
1103;55,55555556;91,66666667;36,11111111
1104;52,77777778;83,33333333;30,55555556
1105;61,11111111;97,22222222;36,11111111
1106;50;86,11111111;36,11111111
1107;58,33333333;;
1108;138,8888889;180,5555556;41,66666667
1109;50;86,11111111;36,11111111
1110;58,33333333;88,88888889;30,55555556
1111;63,88888889;94,44444444;30,55555556
1112;55,55555556;86,11111111;30,55555556
1113;58,33333333;83,33333333;25
1114;58,33333333;86,11111111;27,77777778
1115;52,77777778;86,11111111;33,33333333
1116;52,77777778;83,33333333;30,55555556
1117;58,33333333;86,11111111;27,77777778
1118;50;83,33333333;33,33333333
1119;61,11111111;94,44444444;33,33333333
1120;52,77777778;88,88888889;36,11111111
1121;58,33333333;83,33333333;25
1122;58,33333333;88,88888889;30,55555556
1123;50;83,33333333;33,33333333
1124;61,11111111;88,88888889;27,77777778
1125;52,77777778;83,33333333;30,55555556
1126;55,55555556;83,33333333;27,77777778
1127;58,33333333;86,11111111;27,77777778
1128;61,11111111;94,44444444;33,33333333
1129;52,77777778;83,33333333;30,55555556
1130;50;83,33333333;33,33333333
1131;50;80,55555556;30,55555556
1132;58,33333333;91,66666667;33,33333333
1133;55,55555556;83,33333333;27,77777778
1134;58,33333333;83,33333333;25
1135;58,33333333;88,88888889;30,55555556
1136;61,11111111;88,88888889;27,77777778
1137;61,11111111;88,88888889;27,77777778
1138;58,33333333;;
1139;55,55555556;94,44444444;38,88888889
1140;61,11111111;91,66666667;30,55555556
1141;58,33333333;91,66666667;33,33333333
1142;52,77777778;83,33333333;30,55555556
1143;50;83,33333333;33,33333333
1144;50;86,11111111;36,11111111
1145;52,77777778;83,33333333;30,55555556
1146;52,77777778;83,33333333;30,55555556
1147;52,77777778;83,33333333;30,55555556
1148;55,55555556;88,88888889;33,33333333
1149;58,33333333;86,11111111;27,77777778
1150;55,55555556;86,11111111;30,55555556
1151;55,55555556;80,55555556;25
1152;50;80,55555556;30,55555556
1153;52,77777778;83,33333333;30,55555556
1154;66,66666667;100;33,33333333
1155;52,77777778;;
1156;58,33333333;88,88888889;30,55555556
1157;52,77777778;;
1158;52,77777778;86,11111111;33,33333333
1159;55,55555556;;
1160;52,77777778;83,33333333;30,55555556
1161;55,55555556;83,33333333;27,77777778
1162;52,77777778;83,33333333;30,55555556
1163;52,77777778;86,11111111;33,33333333
1164;58,33333333;88,88888889;30,55555556
1165;52,77777778;86,11111111;33,33333333
1166;52,77777778;83,33333333;30,55555556
1167;61,11111111;88,88888889;27,77777778
1168;58,33333333;83,33333333;25
1169;50;83,33333333;33,33333333
1170;55,55555556;86,11111111;30,55555556
1171;72,22222222;105,5555556;33,33333333
1172;61,11111111;88,88888889;27,77777778
1173;58,33333333;83,33333333;25
1174;50;83,33333333;33,33333333
1175;50;83,33333333;33,33333333
1176;50;;
1177;50;86,11111111;36,11111111
1178;58,33333333;83,33333333;25
1179;55,55555556;;
1180;55,55555556;86,11111111;30,55555556
1181;61,11111111;100;38,88888889
1182;63,88888889;91,66666667;27,77777778
1183;52,77777778;;
1184;55,55555556;83,33333333;27,77777778
1185;58,33333333;83,33333333;25
1186;52,77777778;86,11111111;33,33333333
1187;58,33333333;83,33333333;25
1188;58,33333333;;
1189;52,77777778;86,11111111;33,33333333
1190;52,77777778;83,33333333;30,55555556
1191;52,77777778;83,33333333;30,55555556
1192;52,77777778;;
1193;58,33333333;;
1194;52,77777778;83,33333333;30,55555556
1195;58,33333333;88,88888889;30,55555556
1196;55,55555556;86,11111111;30,55555556
1197;63,88888889;94,44444444;30,55555556
1198;58,33333333;86,11111111;27,77777778
1199;69,44444444;97,22222222;27,77777778
1200;52,77777778;;
1201;52,77777778;;
1202;55,55555556;83,33333333;27,77777778
1203;52,77777778;;
1204;52,77777778;;
1205;52,77777778;83,33333333;30,55555556
1206;55,55555556;83,33333333;27,77777778
1207;52,77777778;;
1208;61,11111111;91,66666667;30,55555556
1209;55,55555556;88,88888889;33,33333333
1210;58,33333333;83,33333333;25
1211;66,66666667;97,22222222;30,55555556
1212;55,55555556;80,55555556;25
1213;52,77777778;86,11111111;33,33333333
1214;52,77777778;;
1215;55,55555556;;
1216;63,88888889;94,44444444;30,55555556
1217;55,55555556;83,33333333;27,77777778
1218;58,33333333;83,33333333;25
1219;61,11111111;88,88888889;27,77777778
1220;52,77777778;80,55555556;27,77777778
1221;58,33333333;86,11111111;27,77777778
1222;52,77777778;83,33333333;30,55555556
1223;52,77777778;;
1224;61,11111111;97,22222222;36,11111111
1225;52,77777778;86,11111111;33,33333333
1226;58,33333333;94,44444444;36,11111111
1227;58,33333333;83,33333333;25
1228;58,33333333;86,11111111;27,77777778
1229;50;;
1230;50;;
1231;55,55555556;83,33333333;27,77777778
1232;52,77777778;86,11111111;33,33333333
1233;55,55555556;;
1234;52,77777778;;
1235;52,77777778;;
1236;52,77777778;88,88888889;36,11111111
1237;50;83,33333333;33,33333333
1238;52,77777778;86,11111111;33,33333333
1239;52,77777778;;
1240;55,55555556;83,33333333;27,77777778
1241;55,55555556;83,33333333;27,77777778
1242;61,11111111;88,88888889;27,77777778
1243;55,55555556;;
1244;55,55555556;83,33333333;27,77777778
1245;58,33333333;88,88888889;30,55555556
1246;58,33333333;;
1247;52,77777778;;
1248;58,33333333;83,33333333;25
1249;58,33333333;86,11111111;27,77777778
1250;52,77777778;;
1251;55,55555556;83,33333333;27,77777778
1252;61,11111111;94,44444444;33,33333333
1253;69,44444444;102,7777778;33,33333333
1254;52,77777778;86,11111111;33,33333333
1255;63,88888889;88,88888889;25
1256;55,55555556;80,55555556;25
1257;55,55555556;80,55555556;25
1258;52,77777778;97,22222222;44,44444444
1259;55,55555556;;
1260;55,55555556;83,33333333;27,77777778
1261;55,55555556;91,66666667;36,11111111
1262;58,33333333;86,11111111;27,77777778
1263;55,55555556;83,33333333;27,77777778
1264;52,77777778;83,33333333;30,55555556
1265;58,33333333;86,11111111;27,77777778
1266;50;83,33333333;33,33333333
1267;52,77777778;83,33333333;30,55555556
1268;55,55555556;86,11111111;30,55555556
1269;52,77777778;86,11111111;33,33333333
1270;52,77777778;88,88888889;36,11111111
1271;63,88888889;102,7777778;38,88888889
1272;52,77777778;83,33333333;30,55555556
1273;52,77777778;80,55555556;27,77777778
1274;50;83,33333333;33,33333333
1275;52,77777778;;
1276;58,33333333;91,66666667;33,33333333
1277;58,33333333;88,88888889;30,55555556
1278;52,77777778;91,66666667;38,88888889
1279;55,55555556;83,33333333;27,77777778
1280;55,55555556;83,33333333;27,77777778
1281;50;83,33333333;33,33333333
1282;52,77777778;83,33333333;30,55555556
1283;58,33333333;83,33333333;25
1284;55,55555556;86,11111111;30,55555556
1285;63,88888889;94,44444444;30,55555556
1286;50;83,33333333;33,33333333
1287;52,77777778;80,55555556;27,77777778
1288;52,77777778;83,33333333;30,55555556
1289;52,77777778;86,11111111;33,33333333
1290;52,77777778;83,33333333;30,55555556
1291;52,77777778;83,33333333;30,55555556
1292;52,77777778;88,88888889;36,11111111
1293;61,11111111;86,11111111;25
1294;52,77777778;83,33333333;30,55555556
1295;52,77777778;83,33333333;30,55555556
1296;55,55555556;83,33333333;27,77777778
1297;52,77777778;83,33333333;30,55555556
1298;52,77777778;;
1299;61,11111111;97,22222222;36,11111111
1300;52,77777778;83,33333333;30,55555556
1301;52,77777778;86,11111111;33,33333333
1302;50;83,33333333;33,33333333
1303;55,55555556;86,11111111;30,55555556
1304;52,77777778;83,33333333;30,55555556
1305;52,77777778;86,11111111;33,33333333
1306;55,55555556;86,11111111;30,55555556
1307;52,77777778;86,11111111;33,33333333
1308;55,55555556;83,33333333;27,77777778
1309;52,77777778;83,33333333;30,55555556
1310;52,77777778;83,33333333;30,55555556
1311;58,33333333;94,44444444;36,11111111
1312;55,55555556;83,33333333;27,77777778
1313;61,11111111;94,44444444;33,33333333
1314;58,33333333;88,88888889;30,55555556
1315;58,33333333;86,11111111;27,77777778
1316;72,22222222;100;27,77777778
1317;55,55555556;83,33333333;27,77777778
1318;52,77777778;83,33333333;30,55555556
1319;55,55555556;83,33333333;27,77777778
1320;55,55555556;86,11111111;30,55555556
1321;63,88888889;97,22222222;33,33333333
1322;52,77777778;86,11111111;33,33333333
1323;52,77777778;86,11111111;33,33333333
1324;61,11111111;86,11111111;25
1325;52,77777778;83,33333333;30,55555556
1326;55,55555556;83,33333333;27,77777778
1327;52,77777778;86,11111111;33,33333333
1328;55,55555556;91,66666667;36,11111111
1329;55,55555556;91,66666667;36,11111111
1330;58,33333333;83,33333333;25
1331;52,77777778;;
1332;52,77777778;80,55555556;27,77777778
1333;58,33333333;83,33333333;25
1334;58,33333333;91,66666667;33,33333333
1335;55,55555556;86,11111111;30,55555556
1336;58,33333333;86,11111111;27,77777778
1337;52,77777778;;
1338;58,33333333;;
1339;52,77777778;86,11111111;33,33333333
1340;52,77777778;80,55555556;27,77777778
1341;55,55555556;88,88888889;33,33333333
1342;58,33333333;88,88888889;30,55555556
1343;52,77777778;86,11111111;33,33333333
1344;52,77777778;86,11111111;33,33333333
1345;61,11111111;86,11111111;25
1346;50;83,33333333;33,33333333
1347;52,77777778;83,33333333;30,55555556
1348;50;83,33333333;33,33333333
1349;52,77777778;86,11111111;33,33333333
1350;55,55555556;86,11111111;30,55555556
1351;52,77777778;88,88888889;36,11111111
1352;55,55555556;83,33333333;27,77777778
1353;55,55555556;88,88888889;33,33333333
1354;52,77777778;86,11111111;33,33333333
1355;55,55555556;86,11111111;30,55555556
1356;61,11111111;86,11111111;25
1357;61,11111111;94,44444444;33,33333333
1358;61,11111111;97,22222222;36,11111111
1359;61,11111111;88,88888889;27,77777778
1360;52,77777778;83,33333333;30,55555556
1361;52,77777778;83,33333333;30,55555556
1362;55,55555556;88,88888889;33,33333333
1363;52,77777778;86,11111111;33,33333333
1364;63,88888889;100;36,11111111
1365;55,55555556;86,11111111;30,55555556
1366;58,33333333;83,33333333;25
1367;61,11111111;91,66666667;30,55555556
1368;52,77777778;;
1369;52,77777778;83,33333333;30,55555556
1370;63,88888889;91,66666667;27,77777778
1371;55,55555556;83,33333333;27,77777778
1372;55,55555556;88,88888889;33,33333333
1373;61,11111111;;
1374;52,77777778;83,33333333;30,55555556
1375;50;83,33333333;33,33333333
1376;58,33333333;86,11111111;27,77777778
1377;58,33333333;88,88888889;30,55555556
1378;61,11111111;91,66666667;30,55555556
1379;61,11111111;86,11111111;25
1380;58,33333333;86,11111111;27,77777778
1381;55,55555556;88,88888889;33,33333333
1382;55,55555556;91,66666667;36,11111111
1383;50;83,33333333;33,33333333
1384;55,55555556;86,11111111;30,55555556
1385;55,55555556;80,55555556;25
1386;55,55555556;94,44444444;38,88888889
1387;52,77777778;86,11111111;33,33333333
1388;55,55555556;86,11111111;30,55555556
1389;69,44444444;100;30,55555556
1390;58,33333333;83,33333333;25
1391;52,77777778;86,11111111;33,33333333
1392;55,55555556;86,11111111;30,55555556
1393;52,77777778;83,33333333;30,55555556
1394;52,77777778;83,33333333;30,55555556
1395;55,55555556;86,11111111;30,55555556
1396;58,33333333;;
1397;52,77777778;86,11111111;33,33333333
1398;52,77777778;80,55555556;27,77777778
1399;52,77777778;83,33333333;30,55555556
1400;52,77777778;88,88888889;36,11111111
1401;58,33333333;88,88888889;30,55555556
1402;66,66666667;;
1403;50;83,33333333;33,33333333
1404;52,77777778;86,11111111;33,33333333
1405;52,77777778;83,33333333;30,55555556
1406;52,77777778;83,33333333;30,55555556
1407;52,77777778;;
1408;52,77777778;;
1409;58,33333333;83,33333333;25
1410;55,55555556;;
1411;50;86,11111111;36,11111111
1412;50;83,33333333;33,33333333
1413;58,33333333;;
1414;52,77777778;83,33333333;30,55555556
1415;61,11111111;94,44444444;33,33333333
1416;58,33333333;86,11111111;27,77777778
1417;58,33333333;86,11111111;27,77777778
1418;52,77777778;;
1419;52,77777778;86,11111111;33,33333333
1420;52,77777778;83,33333333;30,55555556
1421;61,11111111;91,66666667;30,55555556
1422;55,55555556;83,33333333;27,77777778
1423;55,55555556;86,11111111;30,55555556
1424;58,33333333;83,33333333;25
1425;58,33333333;88,88888889;30,55555556
1426;52,77777778;88,88888889;36,11111111
1427;55,55555556;83,33333333;27,77777778
1428;61,11111111;;
1429;50;80,55555556;30,55555556
1430;52,77777778;83,33333333;30,55555556
1431;52,77777778;83,33333333;30,55555556
1432;58,33333333;91,66666667;33,33333333
1433;52,77777778;86,11111111;33,33333333
1434;58,33333333;86,11111111;27,77777778
1435;58,33333333;91,66666667;33,33333333
1436;58,33333333;83,33333333;25
1437;58,33333333;83,33333333;25
1438;58,33333333;83,33333333;25
1439;52,77777778;83,33333333;30,55555556
1440;52,77777778;;
1441;52,77777778;86,11111111;33,33333333
1442;52,77777778;86,11111111;33,33333333
1443;50;83,33333333;33,33333333
1444;69,44444444;91,66666667;22,22222222
1445;55,55555556;;
1446;63,88888889;91,66666667;27,77777778
1447;52,77777778;83,33333333;30,55555556
1448;52,77777778;;
1449;50;86,11111111;36,11111111
1450;55,55555556;91,66666667;36,11111111
1451;58,33333333;88,88888889;30,55555556
1452;69,44444444;;
1453;61,11111111;83,33333333;22,22222222
1454;52,77777778;86,11111111;33,33333333
1455;58,33333333;86,11111111;27,77777778
1456;52,77777778;83,33333333;30,55555556
1457;58,33333333;;
1458;50;86,11111111;36,11111111
1459;50;83,33333333;33,33333333
1460;55,55555556;83,33333333;27,77777778
1461;50;83,33333333;33,33333333
1462;52,77777778;83,33333333;30,55555556
1463;52,77777778;83,33333333;30,55555556
1464;50;;
1465;55,55555556;;
1466;52,77777778;88,88888889;36,11111111
1467;52,77777778;88,88888889;36,11111111
1468;55,55555556;91,66666667;36,11111111
1469;61,11111111;88,88888889;27,77777778
1470;52,77777778;;
1471;52,77777778;;
1472;52,77777778;80,55555556;27,77777778
1473;61,11111111;91,66666667;30,55555556
1474;58,33333333;86,11111111;27,77777778
1475;63,88888889;100;36,11111111
1476;61,11111111;94,44444444;33,33333333
1477;66,66666667;97,22222222;30,55555556
1478;52,77777778;83,33333333;30,55555556
1479;52,77777778;80,55555556;27,77777778
1480;50;83,33333333;33,33333333
1481;61,11111111;91,66666667;30,55555556
1482;66,66666667;88,88888889;22,22222222
1483;52,77777778;91,66666667;38,88888889
1484;58,33333333;88,88888889;30,55555556
1485;50;83,33333333;33,33333333
1486;52,77777778;83,33333333;30,55555556
1487;58,33333333;83,33333333;25
1488;58,33333333;86,11111111;27,77777778
1489;52,77777778;;
1490;52,77777778;86,11111111;33,33333333
1491;52,77777778;;
1492;52,77777778;86,11111111;33,33333333
1493;52,77777778;83,33333333;30,55555556
1494;50;83,33333333;33,33333333
1495;58,33333333;88,88888889;30,55555556
1496;66,66666667;97,22222222;30,55555556
1497;52,77777778;91,66666667;38,88888889
1498;52,77777778;86,11111111;33,33333333
1499;61,11111111;86,11111111;25
1500;52,77777778;80,55555556;27,77777778
1501;52,77777778;83,33333333;30,55555556
1502;52,77777778;;
1503;52,77777778;86,11111111;33,33333333
1504;55,55555556;83,33333333;27,77777778
1505;55,55555556;86,11111111;30,55555556
1506;61,11111111;94,44444444;33,33333333
1507;58,33333333;86,11111111;27,77777778
1508;55,55555556;86,11111111;30,55555556
1509;52,77777778;86,11111111;33,33333333
1510;52,77777778;83,33333333;30,55555556
1511;66,66666667;97,22222222;30,55555556
1512;52,77777778;83,33333333;30,55555556
1513;52,77777778;86,11111111;33,33333333
1514;52,77777778;83,33333333;30,55555556
1515;52,77777778;83,33333333;30,55555556
1516;55,55555556;83,33333333;27,77777778
1517;50;86,11111111;36,11111111
1518;52,77777778;83,33333333;30,55555556
1519;61,11111111;94,44444444;33,33333333
1520;58,33333333;80,55555556;22,22222222
1521;58,33333333;91,66666667;33,33333333
1522;55,55555556;91,66666667;36,11111111
1523;50;88,88888889;38,88888889
1524;52,77777778;86,11111111;33,33333333
1525;52,77777778;83,33333333;30,55555556
1526;52,77777778;86,11111111;33,33333333
1527;69,44444444;97,22222222;27,77777778
1528;55,55555556;94,44444444;38,88888889
1529;58,33333333;83,33333333;25
1530;61,11111111;;
1531;55,55555556;91,66666667;36,11111111
1532;55,55555556;86,11111111;30,55555556
1533;52,77777778;83,33333333;30,55555556
1534;52,77777778;86,11111111;33,33333333
1535;58,33333333;94,44444444;36,11111111
1536;55,55555556;86,11111111;30,55555556
1537;52,77777778;86,11111111;33,33333333
1538;55,55555556;83,33333333;27,77777778
1539;52,77777778;83,33333333;30,55555556
1540;50;86,11111111;36,11111111
1541;52,77777778;83,33333333;30,55555556
1542;55,55555556;83,33333333;27,77777778
1543;55,55555556;83,33333333;27,77777778
1544;52,77777778;80,55555556;27,77777778
1545;52,77777778;83,33333333;30,55555556
1546;61,11111111;88,88888889;27,77777778
1547;52,77777778;86,11111111;33,33333333
1548;58,33333333;86,11111111;27,77777778
1549;52,77777778;;
1550;63,88888889;100;36,11111111
1551;55,55555556;83,33333333;27,77777778
1552;55,55555556;;
1553;50;83,33333333;33,33333333
1554;58,33333333;86,11111111;27,77777778
1555;61,11111111;91,66666667;30,55555556
1556;55,55555556;86,11111111;30,55555556
1557;58,33333333;86,11111111;27,77777778
1558;52,77777778;86,11111111;33,33333333
1559;58,33333333;83,33333333;25
1560;58,33333333;80,55555556;22,22222222
1561;52,77777778;80,55555556;27,77777778
1562;52,77777778;83,33333333;30,55555556
1563;58,33333333;86,11111111;27,77777778
1564;52,77777778;86,11111111;33,33333333
1565;58,33333333;;
1566;55,55555556;;
1567;50;;
1568;61,11111111;88,88888889;27,77777778
1569;50;86,11111111;36,11111111
1570;61,11111111;94,44444444;33,33333333
1571;52,77777778;86,11111111;33,33333333
1572;58,33333333;91,66666667;33,33333333
1573;55,55555556;83,33333333;27,77777778
1574;50;83,33333333;33,33333333
1575;50;;
1576;55,55555556;86,11111111;30,55555556
1577;52,77777778;83,33333333;30,55555556
1578;55,55555556;86,11111111;30,55555556
1579;61,11111111;97,22222222;36,11111111
1580;58,33333333;83,33333333;25
1581;55,55555556;83,33333333;27,77777778
1582;50;80,55555556;30,55555556
1583;50;83,33333333;33,33333333
1584;52,77777778;83,33333333;30,55555556
1585;55,55555556;83,33333333;27,77777778
1586;52,77777778;83,33333333;30,55555556
1587;55,55555556;;
1588;55,55555556;;
1589;52,77777778;83,33333333;30,55555556
1590;55,55555556;83,33333333;27,77777778
1591;50;83,33333333;33,33333333
1592;50;88,88888889;38,88888889
1593;147,2222222;91,66666667;55,55555556
1594;52,77777778;83,33333333;30,55555556
1595;55,55555556;83,33333333;27,77777778
1596;52,77777778;;
1597;52,77777778;83,33333333;30,55555556
1598;55,55555556;83,33333333;27,77777778
1599;58,33333333;86,11111111;27,77777778
1600;61,11111111;88,88888889;27,77777778
1601;58,33333333;86,11111111;27,77777778
1602;61,11111111;;
1603;55,55555556;83,33333333;27,77777778
1604;50;83,33333333;33,33333333
1605;50;83,33333333;33,33333333
1606;147,2222222;91,66666667;55,55555556
1607;52,77777778;83,33333333;30,55555556
1608;58,33333333;88,88888889;30,55555556
1609;52,77777778;86,11111111;33,33333333
1610;50;86,11111111;36,11111111
1611;50;83,33333333;33,33333333
1612;50;83,33333333;33,33333333
1613;58,33333333;91,66666667;33,33333333
1614;58,33333333;86,11111111;27,77777778
1615;69,44444444;;
1616;52,77777778;83,33333333;30,55555556
1617;66,66666667;100;33,33333333
1618;55,55555556;83,33333333;27,77777778
1619;52,77777778;83,33333333;30,55555556
1620;52,77777778;83,33333333;30,55555556
1621;55,55555556;88,88888889;33,33333333
1622;61,11111111;88,88888889;27,77777778
1623;55,55555556;88,88888889;33,33333333
1624;58,33333333;88,88888889;30,55555556
1625;61,11111111;86,11111111;25
1626;55,55555556;83,33333333;27,77777778
1627;52,77777778;83,33333333;30,55555556
1628;50;83,33333333;33,33333333
1629;52,77777778;86,11111111;33,33333333
1630;52,77777778;88,88888889;36,11111111
1631;58,33333333;83,33333333;25
1632;52,77777778;83,33333333;30,55555556
1633;52,77777778;80,55555556;27,77777778
1634;52,77777778;80,55555556;27,77777778
1635;50;83,33333333;33,33333333
1636;55,55555556;83,33333333;27,77777778
1637;58,33333333;86,11111111;27,77777778
1638;69,44444444;97,22222222;27,77777778
1639;52,77777778;88,88888889;36,11111111
1640;61,11111111;88,88888889;27,77777778
1641;50;;
1642;50;83,33333333;33,33333333
1643;52,77777778;86,11111111;33,33333333
1644;58,33333333;91,66666667;33,33333333
1645;55,55555556;86,11111111;30,55555556
1646;58,33333333;83,33333333;25
1647;52,77777778;88,88888889;36,11111111
1648;50;86,11111111;36,11111111
1649;52,77777778;83,33333333;30,55555556
1650;52,77777778;83,33333333;30,55555556
1651;55,55555556;91,66666667;36,11111111
1652;55,55555556;86,11111111;30,55555556
1653;58,33333333;86,11111111;27,77777778
1654;52,77777778;91,66666667;38,88888889
1655;52,77777778;86,11111111;33,33333333
1656;58,33333333;83,33333333;25
1657;63,88888889;97,22222222;33,33333333
1658;52,77777778;83,33333333;30,55555556
1659;66,66666667;91,66666667;25
1660;52,77777778;86,11111111;33,33333333
1661;58,33333333;97,22222222;38,88888889
1662;52,77777778;83,33333333;30,55555556
1663;61,11111111;94,44444444;33,33333333
1664;58,33333333;91,66666667;33,33333333
1665;52,77777778;83,33333333;30,55555556
1666;52,77777778;83,33333333;30,55555556
1667;58,33333333;86,11111111;27,77777778
1668;55,55555556;88,88888889;33,33333333
1669;52,77777778;86,11111111;33,33333333
1670;58,33333333;88,88888889;30,55555556
1671;72,22222222;97,22222222;25
1672;52,77777778;80,55555556;27,77777778
1673;55,55555556;86,11111111;30,55555556
1674;58,33333333;83,33333333;25
1675;52,77777778;;
1676;55,55555556;86,11111111;30,55555556
1677;52,77777778;86,11111111;33,33333333
1678;52,77777778;;
1679;55,55555556;83,33333333;27,77777778
1680;52,77777778;88,88888889;36,11111111
1681;52,77777778;;
1682;50;86,11111111;36,11111111
1683;58,33333333;83,33333333;25
1684;63,88888889;94,44444444;30,55555556
1685;55,55555556;80,55555556;25
1686;55,55555556;86,11111111;30,55555556
1687;55,55555556;80,55555556;25
1688;58,33333333;83,33333333;25
1689;58,33333333;88,88888889;30,55555556
1690;52,77777778;83,33333333;30,55555556
1691;55,55555556;86,11111111;30,55555556
1692;52,77777778;;
1693;52,77777778;;
1694;50;80,55555556;30,55555556
1695;55,55555556;83,33333333;27,77777778
1696;55,55555556;80,55555556;25
1697;58,33333333;;
1698;52,77777778;88,88888889;36,11111111
1699;61,11111111;;
1700;55,55555556;80,55555556;25
1701;58,33333333;88,88888889;30,55555556
1702;52,77777778;80,55555556;27,77777778
1703;63,88888889;97,22222222;33,33333333
1704;52,77777778;86,11111111;33,33333333
1705;61,11111111;88,88888889;27,77777778
1706;55,55555556;86,11111111;30,55555556
1707;55,55555556;83,33333333;27,77777778
1708;63,88888889;94,44444444;30,55555556
1709;55,55555556;83,33333333;27,77777778
1710;61,11111111;88,88888889;27,77777778
1711;52,77777778;86,11111111;33,33333333
1712;55,55555556;83,33333333;27,77777778
1713;58,33333333;;
1714;58,33333333;83,33333333;25
1715;52,77777778;83,33333333;30,55555556
1716;52,77777778;86,11111111;33,33333333
1717;52,77777778;80,55555556;27,77777778
1718;141,6666667;183,3333333;41,66666667
1719;58,33333333;;
1720;55,55555556;86,11111111;30,55555556
1721;61,11111111;88,88888889;27,77777778
1722;52,77777778;80,55555556;27,77777778
1723;55,55555556;83,33333333;27,77777778
1724;52,77777778;80,55555556;27,77777778
1725;52,77777778;86,11111111;33,33333333
1726;58,33333333;86,11111111;27,77777778
1727;55,55555556;88,88888889;33,33333333
1728;52,77777778;86,11111111;33,33333333
1729;52,77777778;83,33333333;30,55555556
1730;52,77777778;80,55555556;27,77777778
1731;52,77777778;83,33333333;30,55555556
1732;52,77777778;86,11111111;33,33333333
1733;55,55555556;83,33333333;27,77777778
1734;63,88888889;100;36,11111111
1735;58,33333333;88,88888889;30,55555556
1736;50;83,33333333;33,33333333
1737;58,33333333;91,66666667;33,33333333
1738;58,33333333;86,11111111;27,77777778
1739;52,77777778;;
1740;55,55555556;;
1741;61,11111111;88,88888889;27,77777778
1742;61,11111111;88,88888889;27,77777778
1743;52,77777778;86,11111111;33,33333333
1744;55,55555556;86,11111111;30,55555556
1745;52,77777778;83,33333333;30,55555556
1746;52,77777778;83,33333333;30,55555556
1747;61,11111111;91,66666667;30,55555556
1748;52,77777778;86,11111111;33,33333333
1749;58,33333333;83,33333333;25
1750;52,77777778;86,11111111;33,33333333
1751;52,77777778;83,33333333;30,55555556
1752;52,77777778;83,33333333;30,55555556
1753;58,33333333;80,55555556;22,22222222
1754;52,77777778;83,33333333;30,55555556
1755;55,55555556;;
1756;52,77777778;86,11111111;33,33333333
1757;58,33333333;88,88888889;30,55555556
1758;52,77777778;83,33333333;30,55555556
1759;58,33333333;80,55555556;22,22222222
1760;55,55555556;80,55555556;25
1761;63,88888889;91,66666667;27,77777778
1762;58,33333333;88,88888889;30,55555556
1763;55,55555556;;
1764;52,77777778;83,33333333;30,55555556
1765;55,55555556;83,33333333;27,77777778
1766;52,77777778;83,33333333;30,55555556
1767;52,77777778;83,33333333;30,55555556
1768;55,55555556;88,88888889;33,33333333
1769;52,77777778;86,11111111;33,33333333
1770;55,55555556;83,33333333;27,77777778
1771;58,33333333;94,44444444;36,11111111
1772;69,44444444;97,22222222;27,77777778
1773;55,55555556;83,33333333;27,77777778
1774;61,11111111;97,22222222;36,11111111
1775;55,55555556;88,88888889;33,33333333
1776;52,77777778;88,88888889;36,11111111
1777;58,33333333;83,33333333;25
1778;52,77777778;86,11111111;33,33333333
1779;58,33333333;;
1780;52,77777778;86,11111111;33,33333333
1781;50;86,11111111;36,11111111
1782;52,77777778;83,33333333;30,55555556
1783;52,77777778;86,11111111;33,33333333
1784;52,77777778;88,88888889;36,11111111
1785;69,44444444;97,22222222;27,77777778
1786;63,88888889;94,44444444;30,55555556
1787;52,77777778;83,33333333;30,55555556
1788;55,55555556;86,11111111;30,55555556
1789;52,77777778;83,33333333;30,55555556
1790;52,77777778;83,33333333;30,55555556
1791;61,11111111;88,88888889;27,77777778
1792;66,66666667;97,22222222;30,55555556
1793;52,77777778;83,33333333;30,55555556
1794;55,55555556;86,11111111;30,55555556
1795;55,55555556;88,88888889;33,33333333
1796;52,77777778;83,33333333;30,55555556
1797;50;83,33333333;33,33333333
1798;50;80,55555556;30,55555556
1799;61,11111111;94,44444444;33,33333333
1800;61,11111111;86,11111111;25
1801;55,55555556;86,11111111;30,55555556
1802;52,77777778;86,11111111;33,33333333
1803;55,55555556;86,11111111;30,55555556
1804;58,33333333;83,33333333;25
1805;52,77777778;86,11111111;33,33333333
1806;58,33333333;83,33333333;25
1807;55,55555556;88,88888889;33,33333333
1808;61,11111111;86,11111111;25
1809;55,55555556;83,33333333;27,77777778
1810;50;83,33333333;33,33333333
1811;55,55555556;83,33333333;27,77777778
1812;52,77777778;86,11111111;33,33333333
1813;58,33333333;83,33333333;25
1814;58,33333333;86,11111111;27,77777778
1815;311,1111111;86,11111111;225
1816;;;
1817;55,55555556;83,33333333;27,77777778
1818;61,11111111;91,66666667;30,55555556
1819;52,77777778;83,33333333;30,55555556
1820;52,77777778;83,33333333;30,55555556
1821;61,11111111;86,11111111;25
1822;52,77777778;86,11111111;33,33333333
1823;52,77777778;86,11111111;33,33333333
1824;55,55555556;94,44444444;38,88888889
1825;52,77777778;86,11111111;33,33333333
1826;50;;
1827;50;86,11111111;36,11111111
1828;50;80,55555556;30,55555556
1829;144,4444444;186,1111111;41,66666667
1830;55,55555556;86,11111111;30,55555556
1831;58,33333333;97,22222222;38,88888889
1832;52,77777778;83,33333333;30,55555556
1833;61,11111111;91,66666667;30,55555556
1834;52,77777778;86,11111111;33,33333333
1835;52,77777778;86,11111111;33,33333333
1836;61,11111111;88,88888889;27,77777778
1837;58,33333333;86,11111111;27,77777778
1838;61,11111111;91,66666667;30,55555556
1839;50;86,11111111;36,11111111
1840;50;80,55555556;30,55555556
1841;61,11111111;91,66666667;30,55555556
1842;58,33333333;83,33333333;25
1843;55,55555556;83,33333333;27,77777778
1844;58,33333333;86,11111111;27,77777778
1845;55,55555556;91,66666667;36,11111111
1846;52,77777778;86,11111111;33,33333333
1847;61,11111111;86,11111111;25
1848;58,33333333;86,11111111;27,77777778
1849;50;83,33333333;33,33333333
1850;50;;
1851;52,77777778;86,11111111;33,33333333
1852;52,77777778;86,11111111;33,33333333
1853;55,55555556;86,11111111;30,55555556
1854;55,55555556;86,11111111;30,55555556
1855;52,77777778;;
1856;66,66666667;97,22222222;30,55555556
1857;52,77777778;86,11111111;33,33333333
1858;61,11111111;94,44444444;33,33333333
1859;55,55555556;86,11111111;30,55555556
1860;55,55555556;80,55555556;25
1861;52,77777778;88,88888889;36,11111111
1862;61,11111111;91,66666667;30,55555556
1863;52,77777778;86,11111111;33,33333333
1864;58,33333333;86,11111111;27,77777778
1865;55,55555556;86,11111111;30,55555556
1866;58,33333333;88,88888889;30,55555556
1867;61,11111111;94,44444444;33,33333333
1868;55,55555556;83,33333333;27,77777778
1869;52,77777778;86,11111111;33,33333333
1870;52,77777778;83,33333333;30,55555556
1871;50;83,33333333;33,33333333
1872;69,44444444;100;30,55555556
1873;58,33333333;91,66666667;33,33333333
1874;58,33333333;86,11111111;27,77777778
1875;52,77777778;86,11111111;33,33333333
1876;52,77777778;83,33333333;30,55555556
1877;63,88888889;91,66666667;27,77777778
1878;58,33333333;80,55555556;22,22222222
1879;52,77777778;83,33333333;30,55555556
1880;52,77777778;86,11111111;33,33333333
1881;52,77777778;88,88888889;36,11111111
1882;52,77777778;86,11111111;33,33333333
1883;55,55555556;83,33333333;27,77777778
1884;52,77777778;83,33333333;30,55555556
1885;52,77777778;77,77777778;25
1886;52,77777778;86,11111111;33,33333333
1887;58,33333333;86,11111111;27,77777778
1888;52,77777778;83,33333333;30,55555556
1889;58,33333333;91,66666667;33,33333333
1890;58,33333333;86,11111111;27,77777778
1891;52,77777778;83,33333333;30,55555556
1892;63,88888889;94,44444444;30,55555556
1893;52,77777778;83,33333333;30,55555556
1894;50;86,11111111;36,11111111
1895;61,11111111;91,66666667;30,55555556
1896;58,33333333;83,33333333;25
1897;52,77777778;88,88888889;36,11111111
1898;52,77777778;83,33333333;30,55555556
1899;52,77777778;86,11111111;33,33333333
1900;52,77777778;83,33333333;30,55555556
1901;61,11111111;91,66666667;30,55555556
1902;58,33333333;88,88888889;30,55555556
1903;52,77777778;88,88888889;36,11111111
1904;55,55555556;86,11111111;30,55555556
1905;58,33333333;86,11111111;27,77777778
1906;52,77777778;86,11111111;33,33333333
1907;55,55555556;86,11111111;30,55555556
1908;50;77,77777778;27,77777778
1909;52,77777778;86,11111111;33,33333333
1910;52,77777778;83,33333333;30,55555556
1911;55,55555556;91,66666667;36,11111111
1912;55,55555556;86,11111111;30,55555556
1913;55,55555556;;
1914;58,33333333;86,11111111;27,77777778
1915;50;83,33333333;33,33333333
1916;58,33333333;;
1917;50;83,33333333;33,33333333
1918;58,33333333;86,11111111;27,77777778
1919;58,33333333;86,11111111;27,77777778
1920;58,33333333;86,11111111;27,77777778
1921;55,55555556;86,11111111;30,55555556
1922;52,77777778;83,33333333;30,55555556
1923;55,55555556;88,88888889;33,33333333
1924;58,33333333;88,88888889;30,55555556
1925;63,88888889;94,44444444;30,55555556
1926;52,77777778;;
1927;55,55555556;88,88888889;33,33333333
1928;52,77777778;83,33333333;30,55555556
1929;58,33333333;86,11111111;27,77777778
1930;63,88888889;91,66666667;27,77777778
1931;52,77777778;83,33333333;30,55555556
1932;55,55555556;83,33333333;27,77777778
1933;61,11111111;91,66666667;30,55555556
1934;52,77777778;88,88888889;36,11111111
1935;58,33333333;83,33333333;25
1936;61,11111111;88,88888889;27,77777778
1937;55,55555556;80,55555556;25
1938;55,55555556;83,33333333;27,77777778
1939;50;83,33333333;33,33333333
1940;55,55555556;88,88888889;33,33333333
1941;58,33333333;80,55555556;22,22222222
1942;58,33333333;86,11111111;27,77777778
1943;52,77777778;86,11111111;33,33333333
1944;50;83,33333333;33,33333333
1945;55,55555556;83,33333333;27,77777778
1946;55,55555556;83,33333333;27,77777778
1947;58,33333333;86,11111111;27,77777778
1948;58,33333333;86,11111111;27,77777778
1949;55,55555556;;
1950;52,77777778;80,55555556;27,77777778
1951;50;83,33333333;33,33333333
1952;55,55555556;80,55555556;25
1953;52,77777778;80,55555556;27,77777778
1954;58,33333333;91,66666667;33,33333333
1955;52,77777778;80,55555556;27,77777778
1956;58,33333333;86,11111111;27,77777778
1957;69,44444444;91,66666667;22,22222222
1958;50;83,33333333;33,33333333
1959;58,33333333;91,66666667;33,33333333
1960;50;83,33333333;33,33333333
1961;58,33333333;94,44444444;36,11111111
1962;50;83,33333333;33,33333333
1963;58,33333333;83,33333333;25
1964;50;83,33333333;33,33333333
1965;52,77777778;83,33333333;30,55555556
1966;52,77777778;83,33333333;30,55555556
1967;52,77777778;80,55555556;27,77777778
1968;58,33333333;91,66666667;33,33333333
1969;58,33333333;88,88888889;30,55555556
1970;63,88888889;97,22222222;33,33333333
1971;52,77777778;88,88888889;36,11111111
1972;52,77777778;80,55555556;27,77777778
1973;52,77777778;;
1974;50;80,55555556;30,55555556
1975;55,55555556;83,33333333;27,77777778
1976;58,33333333;91,66666667;33,33333333
1977;52,77777778;83,33333333;30,55555556
1978;61,11111111;94,44444444;33,33333333
1979;55,55555556;83,33333333;27,77777778
1980;58,33333333;83,33333333;25
1981;58,33333333;83,33333333;25
1982;50;83,33333333;33,33333333
1983;52,77777778;86,11111111;33,33333333
1984;52,77777778;83,33333333;30,55555556
1985;52,77777778;83,33333333;30,55555556
1986;52,77777778;83,33333333;30,55555556
1987;58,33333333;86,11111111;27,77777778
1988;50;83,33333333;33,33333333
1989;50;;
1990;50;83,33333333;33,33333333
1991;52,77777778;83,33333333;30,55555556
1992;55,55555556;88,88888889;33,33333333
1993;58,33333333;86,11111111;27,77777778
1994;52,77777778;88,88888889;36,11111111
1995;52,77777778;83,33333333;30,55555556
1996;50;83,33333333;33,33333333
1997;50;83,33333333;33,33333333
1998;52,77777778;80,55555556;27,77777778
1999;55,55555556;86,11111111;30,55555556
2000;58,33333333;86,11111111;27,77777778
2001;55,55555556;83,33333333;27,77777778
2002;58,33333333;88,88888889;30,55555556
2003;58,33333333;86,11111111;27,77777778
2004;50;;
2005;52,77777778;83,33333333;30,55555556
2006;58,33333333;83,33333333;25
2007;52,77777778;83,33333333;30,55555556
2008;52,77777778;86,11111111;33,33333333
2009;69,44444444;97,22222222;27,77777778
2010;52,77777778;86,11111111;33,33333333
2011;58,33333333;83,33333333;25
2012;55,55555556;83,33333333;27,77777778
2013;63,88888889;91,66666667;27,77777778
2014;52,77777778;83,33333333;30,55555556
2015;50;86,11111111;36,11111111
2016;55,55555556;86,11111111;30,55555556
2017;69,44444444;91,66666667;22,22222222
2018;52,77777778;88,88888889;36,11111111
2019;61,11111111;91,66666667;30,55555556
2020;52,77777778;83,33333333;30,55555556
2021;52,77777778;80,55555556;27,77777778
2022;52,77777778;83,33333333;30,55555556
2023;69,44444444;;
2024;55,55555556;86,11111111;30,55555556
2025;63,88888889;97,22222222;33,33333333
2026;58,33333333;83,33333333;25
2027;66,66666667;94,44444444;27,77777778
2028;55,55555556;83,33333333;27,77777778
2029;50;83,33333333;33,33333333
2030;52,77777778;83,33333333;30,55555556
2031;66,66666667;94,44444444;27,77777778
2032;55,55555556;91,66666667;36,11111111
2033;52,77777778;86,11111111;33,33333333
2034;52,77777778;;
2035;52,77777778;83,33333333;30,55555556
2036;52,77777778;88,88888889;36,11111111
2037;52,77777778;86,11111111;33,33333333
2038;58,33333333;83,33333333;25
2039;61,11111111;97,22222222;36,11111111
2040;58,33333333;86,11111111;27,77777778
2041;58,33333333;83,33333333;25
2042;58,33333333;86,11111111;27,77777778
2043;52,77777778;80,55555556;27,77777778
2044;55,55555556;86,11111111;30,55555556
2045;55,55555556;80,55555556;25
2046;52,77777778;88,88888889;36,11111111
2047;55,55555556;88,88888889;33,33333333
2048;52,77777778;88,88888889;36,11111111
2049;58,33333333;94,44444444;36,11111111
2050;55,55555556;80,55555556;25
2051;58,33333333;83,33333333;25
2052;52,77777778;83,33333333;30,55555556
2053;50;83,33333333;33,33333333
2054;58,33333333;86,11111111;27,77777778
2055;58,33333333;91,66666667;33,33333333
2056;52,77777778;83,33333333;30,55555556
2057;52,77777778;83,33333333;30,55555556
2058;61,11111111;91,66666667;30,55555556
2059;58,33333333;;
2060;63,88888889;97,22222222;33,33333333
2061;55,55555556;;
2062;58,33333333;83,33333333;25
2063;52,77777778;88,88888889;36,11111111
2064;52,77777778;86,11111111;33,33333333
2065;50;86,11111111;36,11111111
2066;50;86,11111111;36,11111111
2067;52,77777778;86,11111111;33,33333333
2068;52,77777778;83,33333333;30,55555556
2069;61,11111111;88,88888889;27,77777778
2070;55,55555556;80,55555556;25
2071;61,11111111;91,66666667;30,55555556
2072;52,77777778;86,11111111;33,33333333
2073;55,55555556;88,88888889;33,33333333
2074;52,77777778;83,33333333;30,55555556
2075;55,55555556;83,33333333;27,77777778
2076;52,77777778;86,11111111;33,33333333
2077;52,77777778;86,11111111;33,33333333
2078;58,33333333;86,11111111;27,77777778
2079;52,77777778;86,11111111;33,33333333
2080;55,55555556;83,33333333;27,77777778
2081;52,77777778;86,11111111;33,33333333
2082;55,55555556;;
2083;58,33333333;83,33333333;25
2084;50;83,33333333;33,33333333
2085;58,33333333;88,88888889;30,55555556
2086;50;83,33333333;33,33333333
2087;52,77777778;88,88888889;36,11111111
2088;61,11111111;94,44444444;33,33333333
2089;50;86,11111111;36,11111111
2090;58,33333333;83,33333333;25
2091;63,88888889;97,22222222;33,33333333
2092;58,33333333;86,11111111;27,77777778
2093;55,55555556;;
2094;58,33333333;94,44444444;36,11111111
2095;52,77777778;83,33333333;30,55555556
2096;52,77777778;86,11111111;33,33333333
2097;55,55555556;83,33333333;27,77777778
2098;55,55555556;83,33333333;27,77777778
2099;58,33333333;80,55555556;22,22222222
2100;58,33333333;91,66666667;33,33333333
2101;52,77777778;83,33333333;30,55555556
2102;52,77777778;83,33333333;30,55555556
2103;113,8888889;238,8888889;125
2104;63,88888889;94,44444444;30,55555556
2105;52,77777778;;
2106;61,11111111;91,66666667;30,55555556
2107;50;83,33333333;33,33333333
2108;58,33333333;94,44444444;36,11111111
2109;63,88888889;94,44444444;30,55555556
2110;52,77777778;83,33333333;30,55555556
2111;52,77777778;86,11111111;33,33333333
2112;52,77777778;77,77777778;25
2113;61,11111111;88,88888889;27,77777778
2114;58,33333333;97,22222222;38,88888889
2115;55,55555556;91,66666667;36,11111111
2116;58,33333333;88,88888889;30,55555556
2117;58,33333333;86,11111111;27,77777778
2118;55,55555556;88,88888889;33,33333333
2119;61,11111111;97,22222222;36,11111111
2120;52,77777778;83,33333333;30,55555556
2121;52,77777778;83,33333333;30,55555556
2122;52,77777778;80,55555556;27,77777778
2123;61,11111111;88,88888889;27,77777778
2124;58,33333333;88,88888889;30,55555556
2125;58,33333333;88,88888889;30,55555556
2126;55,55555556;86,11111111;30,55555556
2127;50;86,11111111;36,11111111
2128;52,77777778;86,11111111;33,33333333
2129;61,11111111;94,44444444;33,33333333
2130;52,77777778;86,11111111;33,33333333
2131;55,55555556;80,55555556;25
2132;69,44444444;91,66666667;22,22222222
2133;52,77777778;86,11111111;33,33333333
2134;52,77777778;83,33333333;30,55555556
2135;52,77777778;86,11111111;33,33333333
2136;58,33333333;86,11111111;27,77777778
2137;50;83,33333333;33,33333333
2138;52,77777778;86,11111111;33,33333333
2139;52,77777778;86,11111111;33,33333333
2140;58,33333333;83,33333333;25
2141;52,77777778;86,11111111;33,33333333
2142;52,77777778;80,55555556;27,77777778
2143;58,33333333;91,66666667;33,33333333
2144;55,55555556;83,33333333;27,77777778
2145;58,33333333;91,66666667;33,33333333
2146;50;;
2147;63,88888889;;
2148;52,77777778;83,33333333;30,55555556
2149;50;83,33333333;33,33333333
2150;52,77777778;86,11111111;33,33333333
2151;52,77777778;80,55555556;27,77777778
2152;58,33333333;88,88888889;30,55555556
2153;50;86,11111111;36,11111111
2154;61,11111111;86,11111111;25
2155;58,33333333;88,88888889;30,55555556
2156;52,77777778;91,66666667;38,88888889
2157;50;83,33333333;33,33333333
2158;63,88888889;97,22222222;33,33333333
2159;55,55555556;80,55555556;25
2160;55,55555556;83,33333333;27,77777778
2161;50;80,55555556;30,55555556
2162;52,77777778;86,11111111;33,33333333
2163;58,33333333;;
2164;50;83,33333333;33,33333333
2165;52,77777778;88,88888889;36,11111111
2166;58,33333333;88,88888889;30,55555556
2167;63,88888889;91,66666667;27,77777778
2168;52,77777778;80,55555556;27,77777778
2169;52,77777778;86,11111111;33,33333333
2170;52,77777778;83,33333333;30,55555556
2171;58,33333333;88,88888889;30,55555556
2172;58,33333333;86,11111111;27,77777778
2173;63,88888889;100;36,11111111
2174;50;83,33333333;33,33333333
2175;50;80,55555556;30,55555556
2176;52,77777778;83,33333333;30,55555556
2177;50;86,11111111;36,11111111
2178;;;